Username,Comment,Comment Date
@Mimiochan_156,2 2 2 2 2,2024-04-09T01:28:21Z
@ariariyana874,QWERTYUIOPASDFGHJKL,2024-03-30T01:50:48Z
@ismailahmad3092,Pendukung 01 nangis lihat inğŸ˜‚ğŸ˜‚ğŸ˜‚ğŸ˜‚,2024-03-19T22:57:21Z
@sofyanlaha8658,"Pemilu kedepan biarlah DPR RI saja yg memilih, biar anggaran jangan terlalu besar, serta mengurangi kecurangan....",2024-03-19T11:31:41Z
@Qorinnn31,Sapa bae presiden ne  jarkua ra patia ngaruh  pd bae,2024-03-18T02:55:41Z
@aviromantino,"SAYA TIDAK TAKUT TIDAK PUNYA JABATAN MAS ANIIIISS...!!!<br>Maka dari itu, <br>SORI YA..!! SORRII YEEE.. KLO SAYA HARUS CURANG...!!<br>ğŸ˜ğŸ˜ğŸ˜‚ğŸ˜‚ğŸ˜‚",2024-03-17T23:24:03Z
@ibnuarobi3390,Ngabuburit nih jam 17ğŸ˜…,2024-03-17T18:48:49Z
@juniorgaming7258,"Ya udhlah pasti pak pranowo menang mau gimanapun, bener kata bung rocky gerung dalam analisa politinya pasti menang pak probowo,udh jgn berktengkar lagi , malu sm negara tetangga tiap pemilu berantem mulu, pokoknya apapun hasilnya itulah mungkin terbaiknya ,",2024-03-17T16:17:51Z
@erwindewi6945,Menang merayakan kala menjelaskan...ğŸ˜‚ğŸ˜‚ğŸ˜‚ğŸ˜‚ğŸ˜‚ğŸ˜‚....kocak kala y kala aj la bos.....,2024-03-17T13:57:14Z
@dwisatriyaprajna6436,"aku heran sih.... ini yang ngehitung kan orang2 dimasing2 daerah, di masing2 TPU.... dan orang2 yang jadi panitia atau apalah itu kan adalah orang2 yang berbeda2 di setiap daerah... gimana ceritanya dari ratusan TPU di 37/38 provinsi di Indonesia ini, bisa salah hitung, curang atau di modifikasi, masa iya ratusan orang ini semuanya punya pikiran yang sana untuk curang, dan lagi kalaupun mereka merasa hasil hitungnya tidak sesuai dengan yang mereka hitung bukannya mereka bisa transparan?... secara kan yang menghitung dan tau datanya di setiap provinsi kan bukan satu dua orang, kan banyak... masa iya di 38 provinsi hampir semua orang2 TPU nya curang ngisi nomer 02? ratusan TPU loh... dan itu presentasenya udah selisih jauh banget, curang dari mana coba? mau dibilang curang juga ga masuk akal karena emang yang dukung no 2 emang sebanyak itu... perasaan tiap pilpres ada aja yang bilang curang emangnya sistem pilpres kita se-bobrok itu kah? sampai dikit2 disebut curang..",2024-03-17T13:11:51Z
@dianprasetyo7192,Jawa Timur All In âœŒï¸ğŸ˜,2024-03-17T12:56:50Z
@widiartyening4705,Makin yakin satu putaran,2024-03-17T12:22:10Z
@inr_jilbabmalang,Alhamdulillah,2024-03-17T11:28:30Z
@Scientist_toilet162,8+8= ganjar<br>12+12= anies<br>29+29= prabowo,2024-03-17T06:38:52Z
@ikapaputungan9043,Alhamdulillah,2024-03-17T03:48:52Z
@mawar9030,"Kalau orang 2 cina yang kafir ini agamanya benar&#39;dia tidak melarang kegiatan agama lain, dari dulu semenjak munculnya agama Islam di dunia itu suara harus keras tujuannya memanggil hambah 2 Alloh, untuk menyebah Alloh SWT yang menciptakan bumi dan langit seisinya termasuk orang 2 kafi ini,  semoga mereka sadar dan tobat AMMIIIIN YAROBBAL ALLAH MIIIIIIN ALFATEKHAH",2024-03-17T01:07:49Z
@mawar9030,"Sekarang di tahun 2024 bulan puasa , kalau sembayang teraweh, gak boleh pakai mix luar biar gak mengganggu orang 2 cina yang kafir, karena Tuhan MEREKA bukan tuhan yang benar, karena yang di sembah 2 mereka itu golongan mahluk ciptaan Alloh SWT,yaitu setan iblis dajal jin, mahluk yang di laknat oleh Alloh SWT,",2024-03-17T00:56:35Z
@mawar9030,"Jaman PKI DULU, PARAH ULLAMA DAN KIYAI LAGI J<br>NGIMAMMI ORANG 2 DI MAJET DI SURAU, IMAMNYA DI TARIK DI SIKSA DAN DI POTONG LEHERNYA,,ITU JAMAN PKI, SEKARANG LAIN CARANYA, UNTUK ORANG 2 ISLAM DI INDONESIA, ORANG 2 CINA YANG MENYEBABKAN KORONA ATAU KOVID 19 ORANG 2 CINA DI DATANG KAN DI INDONESIA, SUPAYA BISA MENJAUHKAN ORANG 2 SEMBAYANG DI MASJID, AKHIRNYA MASJID DI TUTUP, , KEGIATAN KE ISLAMMAN,SEPERTI SHOLAWAT DAN PERKUPULAN YANG LAIN ,",2024-03-17T00:46:47Z
@mawar9030,"Sekarang Jokowi jadi presiden di Indonesia,peristawa itu terulang kembali, selalu ingin menghacurkan, agama Islam, dari jaman PKI,SAMPAI JAMAN SEKARANG,,",2024-03-17T00:26:29Z
@mawar9030,"Adanya perpecahan di Indonesia jaman tuhun itu, sampai ada yang ber nama perkumpulan,  PKI di Indonesia itu, karena perbuatan orang 2 cina yang gak jelas tuhan nya itu,hasut menghasut akhirnya pecah belah dan porak poranda,",2024-03-17T00:21:01Z
@mawar9030,"Jokowi ngotot&#39;ingin memindahkan tuguh monas di Jakarta, karena dia ingin menghapus , parah pahlawan, yang gugur di tuguh monas,",2024-03-17T00:12:06Z
@Koecyeng,"Makan tuh Jawa Timur, Jawa tengah, DKI mah gak ada apaÂ² nya",2024-03-17T00:03:28Z
@mawar9030,"Jokowi keturunan China di Indonesia, jadi presiden, bukan untuk rakyat Indonesia,tapi ingin MENGHANCURKAN persatuan Indonesia dan ingin mengobrak ngabrikkan  agama Islam di Indonesia menghancurkan persatuan dan kesatuan di Indonesia,",2024-03-16T23:58:52Z
@mawar9030,"Aku ingat kan asal usul orang 2 cina ini, nenek moyang mu itu terdampar di laut Indonesia,",2024-03-16T23:50:33Z
@mawar9030,"Aku ingat kan asal usul Nya, nenek moyang mu itu, sampai di Indonesia itu, karena nenek moyang mu di Indonesia itu terdampar di Indonesia paham atau tak paham",2024-03-16T23:45:31Z
@mawar9030,"Sudah gak percaya lagi, sama komplotannya Jokowi dan mentri menterinya parah bajingan dan mafia koropsih dan koruptor , keturunan orang, cina 2  yang tuhannya gak jelas ini,  seakan 2 Indonesia milik dia, <br>Suka suka ngatur ngatur negara Indonesia, seakan 2 negara Indonesia milik nenek moyang, tak ada malu langsung,",2024-03-16T23:41:23Z
@Rafstyle_design,"Dari sekian banyak media, Metro TV yg paling gak terima atas kemenangan prabowo wkwk",2024-03-16T21:37:50Z
@Naufalopenk,ğŸ˜…,2024-03-16T11:30:59Z
@andipanduli496,"Iya semua orang tau kalau ini hasil curang, apa nya yg perlu di banggakan",2024-03-16T09:59:30Z
@bageurboedak2022,"Min, ko belum ada updatenya lagi???",2024-03-16T02:19:06Z
@hudaedirohman9201,"Ya pasti Prabowo presiden,gak perlu di sangkal.jangan ngeyel",2024-03-15T14:35:08Z
@supriyatnaupik8574,Eq banyak cing cOng Eq banyak koar2 semua pendukung Prabowo meledak.,2024-03-15T12:18:16Z
@nunungnurhayati2130,Sebelum pencoblosan juga sudah tau yang unggul 02....Bang Qodari sudah mengumumkan....,2024-03-15T09:44:11Z
@LayllaZahra,Pak Prabowo dan Mas Gibran  pilih Rakyat yg cerdasâœŒï¸,2024-03-15T07:20:20Z
@tobewhat,Menolak dinasty,2024-03-15T05:17:16Z
@kucingbngl2993,Menangnya wowo karna curangğŸ˜‚ğŸ˜‚ğŸ˜‚,2024-03-15T04:05:52Z
@gedangghodog,tumben tumbennya metro beritain 02 ada apa nihhhğŸ˜‚ğŸ˜‚biasanya juga nyerang 02 mulu,2024-03-15T00:32:30Z
@arifhidayat5238,Mau yang menang siapa presiden nya kita hanya tinggal menunggu janji mereka aja dilakukan atau tidak.....kalau tidak dilakukan berati apa hayooo kita tonton saja filmnya nnti,2024-03-14T22:14:22Z
@arifhidayat5238,Angkanya g brubah berubah...diangka 59% skian,2024-03-14T22:12:26Z
@dwimarschelyno3503,Alkhammdulilah,2024-03-14T20:39:33Z
@PutraAjipratama-bu2qj,InsyaAllah pak prabowo presiden 2024âœŒ,2024-03-14T19:49:40Z
@hasrihasri3618,gibran menang telak,2024-03-14T18:28:15Z
@fandipopitan99,Ga ada lagi kata curang2.. ini hasil rekap pleno manual.. jadi alasan apalagi buat ga mngakui nya?.. 02 gass..,2024-03-14T13:27:23Z
@fandipopitan99,Salam dari pedalaman/ silent majority ..,2024-03-14T13:20:39Z
@Lial-ky4uq,Hahaha sok suci nyungsep juga 01,2024-03-14T12:48:16Z
@kusyatiwandan6623,Alhamdulillah pasti menang2,2024-03-14T11:33:41Z
@ardianardian95,Btita tgl brapa ini..ğŸ˜…ğŸ˜…ğŸ˜…ğŸ˜…,2024-03-14T10:06:19Z
@IfeehSugiarto,"dia abahmu bukan berarti abahku, di juga imam mahdimu belum tentu imam mahdi menurutku, intinya tetap menghayal dan jangan sadar lagi ğŸ˜‚",2024-03-14T09:32:29Z
@rex7755,Wajar sudah di genjot sama bansosğŸ˜‚,2024-03-14T02:19:48Z
@pitungjampang,"bukan sementara tapi mutlak prabowo menang,  kabupaten bekasi aja prabowo menang",2024-03-14T00:49:12Z
@ariefabdurrochman1247,"Di kampungku Jateng , Prabowo menang telak",2024-03-13T22:03:55Z
@RenoPriyanto-c6r,Kasian no 3 udh dari sabang smpe maruke kecil suaranya eh calon presidenya KAMU PERCAYA ANGKA SAYA SEGITU<br>PDI KN SUARA TERBANYAK ANOMALI SEKALI YA ğŸ˜…ğŸ˜…ğŸ˜…ğŸ˜…,2024-03-13T17:50:34Z
@rudirc2997,Kadang lucu chenel ini...mutlak pak paloooh.02 saksi hidup dari paslon lain jga hadir 02 mutlak dimna mana pak.bahkan DKI Yang notabnya  katanya pendukung 01 banyak yang mutlak 02.jadi legowo itu perlu.wkwkwkkw.,2024-03-13T15:59:39Z
@uploadvideoofficial,Kalah y kalah menerima dngn lapang dada. <br>ok gass past jadi president ğŸ˜Š,2024-03-13T14:44:19Z
@rezkidwiedharmawan1943,"Curang , harus diulang sampe Anis menang",2024-03-13T14:43:16Z
@mohamadaris9648,Indonesia maju lor harga tomat luar biasa harganya...ğŸ˜€ğŸ˜€ğŸ¤­ğŸ™,2024-03-13T14:40:15Z
@usingsong,01 rame saat kampanye saja,2024-03-13T14:37:20Z
@hendranurdiansyah6092,Semoga ALLOH Menunjukan ke agunganya,2024-03-13T14:28:20Z
@purnawarmanpraja8300,"Beda kelas lah, nama pak prabowo sdh terdengar sejak 2009 untuk level nasional, sdgkan kedua kontestan baru cuma terkenal di Jakarta dan Jateng..",2024-03-13T13:44:57Z
@iinlopi-s1v,Prabowo presiden kuâ¤â¤â¤â¤â¤â¤â¤â¤â¤,2024-03-13T13:23:07Z
@gntrnxx_,Pinjam casan dng batre gua 17%,2024-03-13T13:21:19Z
@Mukidi889,Metro netral dikit biar gak bikin panas.....,2024-03-13T13:03:43Z
@KESATRIA714,MAKIN HARI 01 03 MAKIN STRES,2024-03-13T13:02:00Z
@tedstt25,Tapi udah mengklain menang,2024-03-13T13:00:35Z
@sukamtojember,Harusx mtro gak usah tayangin hasil pillres takutx pendukung 01 jd pingsan entar bgtu tau?,2024-03-13T12:58:05Z
@SupriAdi-m6m,Pasti anak abah bilang pemilu curangğŸ¤£ğŸ¤£ğŸ¤£,2024-03-13T12:51:25Z
@mekanikeksprestruk5868,abah kasian abah,2024-03-13T12:39:31Z
@bazwedan,"jelas udh, balik metro yuk ke pertahana ngapaiin di perubahan",2024-03-13T12:36:43Z
@panpandi-by7wj,"coba metro tv kasih hiburan buat 01,,biar hatinya seneng,,biar ga stres kasih berita anis sbntr lagi mau di lantik gituu,,,",2024-03-13T12:04:22Z
@s.aripin3338,Alhamdulillah . Asli pilihan rakyat,2024-03-13T11:53:08Z
@arisjamaludin7443,Jawa barat menyusul 02 ğŸ‘,2024-03-13T11:41:54Z
@ferykurniawan2187,02 maju terus BPK prabowo dan mas Gibran presiden selanjutny 02 Oke gass full slm dua jari,2024-03-13T11:40:43Z
@HendriDomad,Kami pihak RSJ menghimbau agar anak Abah segera sadar karena RSJ kami tak akan sanggup menampung semua anak Abah,2024-03-13T11:37:14Z
@ZulFahmi-v7r,"Memimpin dgn banyaknya kecurangan,namun meski demikian,pemilih tetap unggul Anis,to kebohongan rekapitulasi maha dahsyat,kamu TDK terima pemerintahan kebjongsn",2024-03-13T11:27:42Z
@hariyantohamid6258,"Info dari petugas KPPS &amp; KPU yang sangat penting untuk CALEG dan PENDUKUNG yang suaranya rendah (kalah) dalam pemilu ini ğŸ‘‡ğŸ‘‡<br><br>** Selama kalian belum bicara sendiri sama TEMBOK atau LUKISAN itu berarti hidup, otak &amp; jiwa kalian masih baik-baik saja ** ğŸ™ğŸ™ ,.,.,.,.",2024-03-13T11:07:09Z
@JoeLoyd,mungkin org2 zaman skrng jarang nonton berita atau baca koran jadi tdk ada yg sadar dgn kondisi Indonesia saat ini ğŸ˜‚ğŸ˜‚,2024-03-13T10:59:53Z
@jomblangcity7926,pendukung 01 mana suaranya?<br>sory yeee..ğŸ˜‚ğŸ˜‚ğŸ˜‚,2024-03-13T10:53:41Z
@brkhoer-eu6rn,"Metrotv media favoritnya anak abah ğŸ¤£ğŸ¤£, tapi pemberitaan nya kemenangan Prabowo ğŸ¤£ğŸ¤£ğŸ¤£ğŸ¤£",2024-03-13T10:42:26Z
@asepcpa1332,SEMENTARA apa SEMENTAHUN,2024-03-13T10:35:57Z
@budewiwi3667,Alhamdulilah ya Allah ..,2024-03-13T10:24:44Z
@muhhadiyusuf8239,Audit fotensic IT KPU dan hak angket adalag wajib mugholadhoh meski tdk merubah putusan kpu.,2024-03-13T10:05:12Z
@SuyantoSuyanto-e9q,Semoga cepat  dilantik pak prabowo,2024-03-13T09:59:21Z
@arsyaridwan8321,Ko presentasinya jadi terbalik no 01 dan 03,2024-03-13T09:57:57Z
@jajanjajanaja99,Baru aja pulang nyoblos..liat tv..udah 56% aja...ngapain juga pemilu...,2024-03-13T09:55:46Z
@ratnajuita1024,Milih kue di lantai daripada kunci ğŸ˜,2024-03-13T09:39:23Z
@souriseu6045,Kalean percaya suara saya segitu?,2024-03-13T09:31:26Z
@annaveronika7179,Duaaaaâ¤,2024-03-13T09:19:15Z
@titothomas8484,Hilang suara pndkung 01,2024-03-13T09:15:45Z
@utuhunjun3263,Mau berbeda tebal atau tipis tetap aja namanya menangğŸ¤£ğŸ¤£ğŸ¤£ğŸ¤£,2024-03-13T09:15:04Z
@asliindonesiatercinta4009,"Yess Prabowo Gibran presiden terbaik 2024 - 2029, Anies nangis2 nyungsep di pojokan bersama rohingya... ğŸ˜‚ğŸ˜‚",2024-03-13T09:14:57Z
@dannyrizky3980,Perbandingan jumlahnya memanglah terlalu besar dan jaraknya terlalu lebar untuk diperdebatkan atau dipermasalahkan. Mayoritas rakyat Indonesia tidaklah bodoh.,2024-03-13T09:08:11Z
@muhammadqomarullah3220,Dari sini terlihat pemilih indonesia memilih karena gimik bukan dari riset,2024-03-13T09:03:46Z
@sulhanhakim6032,Begito dong beritanya yg Fakta.,2024-03-13T08:59:56Z
@Gmn779,"Reporter e mungkin lagi drehidrasi karena kurang minum  jadi ngaco kalo ngomong   ğŸ˜‚ , .",2024-03-13T08:57:59Z
@ArdiAnsyah-oq8wh,"Apalah artinya sebuah kemenangan klu kecurangan yg di lakukan..<br>Selama 5 tahun kedepan,gaji yg di dapat itu haram hukumnya,krn dari hasil kecurangan",2024-03-13T08:49:38Z
@dankerpoetra2800,ğŸ¤®ğŸ‘,2024-03-13T08:37:18Z
@mohamedridha2488,Prabowo dong..<br>Hrsnya 01 dan 03 menerima kekalahannya..<br>Kan gak mungkin klu semua menangğŸ˜‚ğŸ˜‚ğŸ˜‚ğŸ˜‚.,2024-03-13T08:28:27Z
@AhmadFauzi-k6t,Siap siap Rempang,2024-03-13T08:28:18Z
@GladysGhaisaChanel,"Mantap-mantap... tapi kok, suara 01 makin menyusut... wakakakakaka... bakalan teriak curang2 tuh dan bakalan kita akan dibilang masuk neraka nanti",2024-03-13T08:09:49Z
@EliyananEly,Kayaknya yg lain sudah pasrah,2024-03-13T08:03:13Z
@sujudwicaksono9620,"Makan lah sikit,,, nanti sakit @METRO TVğŸ˜‚ğŸ˜‚ğŸ˜‚ğŸ˜‚",2024-03-13T07:48:30Z
@musicallcountry4114,selisihnya segitu banyak kok bilang curang2 wkwkwkwk,2024-03-13T07:47:46Z
@ajisantoso6133,Tetap harus diulang sampai Anis menang...ğŸ˜‚ğŸ˜‚ğŸ˜‚ğŸ˜‚curang curang curang,2024-03-13T07:39:28Z
@TedyArifin,Prabowo gibran the nex president,2024-03-13T07:39:20Z
@broaji8782,Sudah diatur 02 pemenang kata Rocky gerung. Biarkata pendukung anis banyak. Kecuali bedol desa,2024-03-13T07:37:23Z
@be-3299,Lah sementara unggul jelas jelas beda jauh skorenya kovlak,2024-03-13T07:37:06Z
@Lobo.-123,ANIS UNGGUL DI SEMUA TPUğŸ™,2024-03-13T07:17:43Z
@aryasuteza6843,"Bukan sementara lagi udh fix menang min,tinggal nunggu di Lantik nanti tgl 20 Oktober,bicara fakta aja gitu loh kaya saya.ğŸ—¿<br>-ganjar",2024-03-13T07:14:19Z
@mainananak01,Suara silumanğŸ˜‚,2024-03-13T07:13:18Z
@yuliid1583,Satu kata saja...ALHAMDULILLAH..,2024-03-13T07:08:36Z
@tujuanselamet,"Mau ke gmna juga tetep, yang menang mah 02 ğŸ˜‚ğŸ˜‚ğŸ˜‚",2024-03-13T07:01:02Z
@apriadisamsu9390,Mantap 02 gasssssssss ok gasssssssssssssssss,2024-03-13T07:00:03Z
@dembadelik3093,indramayu total no 2 prabowo,2024-03-13T06:59:46Z
@fandyfirmansyah9211,"G ush diperpanjang pk hak angket malah makin ruwet, pls pd legowo! selamat bwt pragib ğŸ‰",2024-03-13T06:38:22Z
@Ygtautauajdah,mana nih anak abah ğŸ¤£ğŸ¤£ğŸ¤£,2024-03-13T06:31:54Z
@afifuddin3447,Bukan sementara....? Tapi akan tetap unggul PD pilpres..2024...,2024-03-13T06:30:53Z
@noerdianschannel7467,"Metro dan news TV mash ngeyel saja begitupun paslon 1 Dan 3 mash ndak percaya pendukungnyajg,y wes sakarepmu tuh 53%buat ganjar,40%buat anis 7%prabowo..yg pnting president nya prabowo gibran.",2024-03-13T06:30:53Z
@fathanajja1351,"Dr 2019 terus skrang 2024 mungkin sya sudah udah ga percaya KPU,<br>Ngeliat cara KPU banyak yg cacat,jadi membuat pertandingan kompetisi pemilihan bikin ga seru,mungkin klo cri pemimpin dan caleg kaya ujian sekolah mah lebih bagus x ya,",2024-03-13T06:17:02Z
@fandyahmad4897,Yg penting jogetin aja....mau naik atau turun tetep joget...mau makan atau tidak tetep joget aja.....kayak film india ntar semua yg terjadi di nyanyiin .....klo kita di jogetin.....seneng joget ada yg meninggal tetep joget....santai and tenang.....,2024-03-13T06:16:50Z
@GeisGrace,Allhmdulilah...<br>Selamat tinggal METRO TV ATAS selama ini jadi TVnya O1 yg selama ini menjatuhkan Paslon 02..<br>Semoga kedepannya metro tv tak ada peminatnya lagi terlalu banyak berita hoks,2024-03-13T05:57:47Z
@meldaharianja7399,Ko 01 jdi klah dri 03. Kebalik..ğŸ˜…,2024-03-13T05:49:37Z
@adiaye8771,Mau seribu kali diitung tetep aj 02 menang ğŸ˜‚ğŸ˜‚,2024-03-13T05:45:05Z
@imanzahra06,â¤pak bowo,2024-03-13T05:42:48Z
@mazelcild1484,Hak angket gasss,2024-03-13T05:41:01Z
@MataramMaju-qc1eu,Mudahan Indonesia baik-baik saja dipimpin oleh orang yang sudah mendekati pikun. Amin,2024-03-13T05:40:35Z
@ahmadsopian4203,Gak tega liat 01. 03ğŸ˜…,2024-03-13T05:39:42Z
@mauliddinwaluyo3809,Jawa timur prabowo gibran tok pokok e,2024-03-13T05:39:02Z
@MohHendri-kt3fl,Tv-nya para bajingan ğŸ˜‚ğŸ˜…,2024-03-13T05:25:27Z
@elizaheli7399,Udah gk bisa di kejar coy..TUHAN ADA BRSAMA 02.,2024-03-13T05:24:35Z
@embuhopo2123,Ah palsu. O1 harusnya menang kalau g di curangiğŸ˜‚,2024-03-13T05:23:26Z
@LaOgi-h2w,Unggul penggelembungan ğŸ˜‚,2024-03-13T05:23:10Z
@suryadiusur-kf8pq,Mau di ulang brapa kali pun tetap pak prabowo,2024-03-13T05:16:21Z
@UsinSalebu,Prabowo presiden kita,2024-03-13T05:08:59Z
@ninkianimation,Curang-curang,2024-03-13T05:07:34Z
@QioRLaBadachannel,GAK JUJURNYA JUGA UNGGUL....CURANGNYA UNGGUL....POKOKNYA SEMUANYA SERBA UNGGUL.,2024-03-13T05:02:44Z
@aj38go26,Asik pa prabowo jdi presiden akhirx gaji naik,2024-03-13T05:02:15Z
@uranglemburyt9213,Metro TV baru sadar yah ?,2024-03-13T05:01:40Z
@TegarIreng-e4u,Tiap provinsi ajah menang semua mutlak kubu sebelah teriak curang woyyy yg teriak curang matamu picek apa malu kalah,2024-03-13T04:58:58Z
@HadiArsal,Lombok hadir. Kasihan metro tv sekarang calonya gak menang.,2024-03-13T04:57:00Z
@samlawiersyad3688,Metro tivu tdk mau mengakui kemenangan Prabowo..... ğŸ˜‚ğŸ˜‚ğŸ˜‚,2024-03-13T04:54:22Z
@jorandan9066,"Penyebab paslon 02 menang telak adalah 01 &amp; 03 bukanlah lawan yg sepadan, beda levelğŸ¤£ğŸ¤£ğŸ¤£.",2024-03-13T04:51:17Z
@Alfinrosidi-dg8xs,anis maksa malah tambah KO suaranyağŸ˜‚ğŸ˜¢,2024-03-13T04:43:03Z
@ardisembiring5704,"Untuk apa sementara, sampai ketek saya beruban pun tetap unggul,,, cepat di lantik, biar kita tau, perkembangan indo di bawah ketek prabowo,,, percuma di protes,, keputusan quick count adalah panutan manusia,,, sudahlah,,, biarin aje apa kata merekağŸ˜‚ğŸ˜‚ğŸ˜‚ğŸ˜‚ğŸ˜‚ğŸ˜‚ğŸ˜‚ğŸ˜‚ğŸ˜‚ğŸ˜‚ğŸ˜‚ğŸ˜‚ğŸ˜‚ğŸ˜‚ğŸ˜‚ğŸ˜‚ğŸ˜‚ğŸ˜‚ğŸ˜‚ğŸ˜‚ğŸ˜‚ğŸ˜‚ğŸ˜‚ğŸ˜‚ğŸ˜‚ğŸ˜‚ğŸ˜‚",2024-03-13T04:31:14Z
@Tehamenmanangkabo06,Tumben metro nggak nge ngunggulin aniesğŸ˜‚,2024-03-13T04:28:20Z
@curugputricarita,Kalau kalah 02..rugi bandarğŸ˜‚ğŸ˜‚ğŸ˜‚ğŸ˜‚,2024-03-13T04:26:51Z
@DeliaPutri-pd4mz,"Jangan an 58%<br>5,1% aja udah menang 1 putaranğŸ˜‚ğŸ˜…",2024-03-13T04:22:50Z
@yowesae1341,Okeee gaassss okeee gassss gasss teroooosssss aamiinğŸ˜‚ğŸ˜‚,2024-03-13T04:18:58Z
@kisah_fiksi,"Ya, kita sudah tau kok, bahkan sebelum hari pencoblosan suara 02 sudah melambung di atas 50%.",2024-03-13T04:17:22Z
@JajakaTerbaru,Ya pasti menang telaj wong semua aparatir pemerintah daerah diintimifasi sama pa lurah juga warga diintmidasi ngga dapat bansos liat aja tuch kampanye mentri mentri pa lurah bansos milik jokowi ..makanya mikor pendukung 02 dari situ aja udah terlihat menitimidasi warga bro ..pendukung 03 ngga bisa mikir dan logikanya dipake,2024-03-13T04:12:58Z
@muhardiman2823,"PEMILU 2024 SIAPAPUN PASLON YG TINGGI BIASA, YG TAK BIASA PEMILU 2024 SDH DISETTING MENANG DAN DIKUNCI ANGKA CURANG UNTUK CAWAPRES SAMSUL(PASLON 02)...TRILIUNAN UANG NEGARA DISIKAT UTK CAWAPRES SAMSUL... RUSAK DEMOKRASI NKRI.",2024-03-13T03:56:13Z
@rohyatsoyat3471,ğŸ˜‚ğŸ˜‚ğŸ˜‚ Mending Judulnya ..SIAPA Tau Anis Yg Menang ...begitu ajah ğŸ˜‚ğŸ˜‚ğŸ˜‚ğŸ˜‚ğŸ˜‚,2024-03-13T03:50:10Z
@badman02169,Masyarakat indonesia sudah pinter nyari pemimpin,2024-03-13T03:44:50Z
@yologaming633,Suara Anies pindah ke 03 semua<br>Mampus tuh makin gayeng 01-03,2024-03-13T03:44:24Z
@AnzirmanAnzirman,"Anis sama Ganjar logowo aja,kalau ada yg diduga kecurangan tidak mempengaruhi kemenangan prabowo",2024-03-13T03:39:21Z
@reyhannurdinabduloh1030,Dari skrg gw mau stop liburan ke bali. ğŸ˜Š,2024-03-13T03:37:49Z
@myheart8857,"Lebih banyak orang yang pengen makan dan minum susu gratis dari pada harga sembako terjangkau, logistik murah dan mudah,  transportasi maju dan modern, lapangan pekerjaan yg pro putra asli indonesia serta keadilan dan pemerataan pembanguan.",2024-03-13T03:35:04Z
@lindaanggradevi3514,Kasihan 01 dan 03 keok di pemilu ini. Pendukungnya sudah mulai merasakan sakit hati yg mendalam. Kebencian itu akhirnya cuma bisa menyalahkan orang lain.,2024-03-13T03:22:48Z
@Frankmukbang92,Jateng sama jatim udah ditangan Prabowo-gibranğŸ¥°,2024-03-13T03:14:31Z
@pekongchannel6331,Bilang aja unggul. Jangan pakai sementara. Kayak yang gak konsisten.,2024-03-13T03:11:26Z
@duniasementara1977,Metro tv jujur yg tdk jujur sirekap.. Pemilu yg memilukan,2024-03-13T03:10:09Z
@herfandytansi3391,Alhamdulillah,2024-03-13T03:07:39Z
@Ryanstory-s1m,Bila pemilu kali ini dipaksakn menag si ceking dn gemoy kita rakyat akan ttp berjuang dgn cara kami.. Udh muak masa pelanggar hukum dibiarkan memimpin... Gimna negara klo kita tdk lawan,2024-03-13T02:48:25Z
@SahrulGunawan-lc1sb,"Laea pasti menang lah Prabowo Gibran, orang 02 mah ga curang",2024-03-13T02:43:14Z
@herupamungkas8248,Seketika buzzer anis menghilangğŸ˜‚,2024-03-13T02:36:59Z
@PerdiPerdi-x6k,Metro TV jangan dilihat orang waras pasti nggak mau melihat berita di metro TV tidak legowo beritanyağŸ˜…,2024-03-13T02:13:34Z
@Dermawan350,"kasihan dehlu yng ngasih nilai 5 dan 11, ternyata dapat nilai 0 dari masyarakat cerdas ğŸ˜‚ğŸ˜‚ğŸ˜‚",2024-03-13T02:00:39Z
@santexplorer9611,70T cm hasilkan manusia ky samsul yg plangaplongo yg dipaksakan dg semua alat negara itu fakta/smg Allah laknat mrk semua yg sdh dzalim.,2024-03-13T01:56:05Z
@fianvivian2531,Pendidikan gratis kalah sama makan siang gratis... Koplak,2024-03-13T01:49:44Z
@agusamin9542,Prauib presiden rakyat&amp;pilihan rakyat jangan ada yg coba2 mendelegimasi....,2024-03-13T01:31:25Z
@nabhannabhan5306,Alhmdllh,2024-03-13T01:22:51Z
@haidirali3826,"2 putaran 01 di gas ,,nex presiden 01 aminâ¤",2024-03-13T01:22:25Z
@manisozo7777,"Dikampungku 02 menang telakk padahal kandang redbull ğŸ˜‚ğŸ˜‚, ini metro nggak salah nyiarin kah biasanya beritanya ğŸ˜‚ habis kejedot pintu keknya ğŸ˜…",2024-03-13T01:25:17Z
@gmaolauw2665,anak abah uda nyerah diem2 baeğŸ˜‚,2024-03-13T01:18:53Z
@nikitaCalista,huuh tp sayangnya curang,2024-03-13T01:16:48Z
@muhammadrioseptian1469,Anies sm Ganjar tukar suara yaa ğŸ˜‚ğŸ˜‚ğŸ˜‚,2024-03-13T01:09:55Z
@Not_Me17.,Name game please,2024-03-13T01:09:11Z
@SamsungA04e-mi6pd,Kalian tunggu aj kebijakan mereka,2024-03-13T01:04:03Z
@ekamuhamad2410,Unggul curang...,2024-03-13T00:59:25Z
@Andi-r6f,Klu Prabowo KLH ini yg GK masuk akal karena di mna2  tiap TPS menang,2024-03-13T00:57:10Z
@user-qh1fh7di3y,Alhamdllh....,2024-03-13T00:56:38Z
@Andi-r6f,Sementara gimana dh pasti duduk jdi presiden dia,2024-03-13T00:55:34Z
@Grrrrrrrrrrr459,Alhamdulillah,2024-03-13T00:53:49Z
@Widanarto01,Prabowo Gibran jelas unggul sampai penghitungan berakhir.<br>Prabowo the next presiden.,2024-03-13T00:52:54Z
@cucunsunarti2630,Mantap,2024-03-13T00:48:54Z
@Mynameismyreligion,02 pilihan 58% rakyat,2024-03-13T00:48:01Z
@jimmypangestu7083,"BEDA 40% SUARA, YG RIBUT CURANG2 SILAHKAN BUKTIKAN KECURANGAN 50 JUTA SUARA",2024-03-13T00:41:30Z
@matsuyama71,Mantap gass kn,2024-03-13T00:35:49Z
@azkathachannel987,"Gilak 02 di jawa timur ğŸ˜‚, selisih  8 juta suara gabungan 01+03 aja 8 jt. 02 16 jt ğŸ˜‚",2024-03-13T00:33:01Z
@sachrowardi7873,"Kalau pemilu dari awal dilaksanakan secara jujur, pemilu 2024 tidak akan ada yg menang mutlak, pasti akan 2 putaran.",2024-03-13T00:27:23Z
@IsmaelMael-xx3fo,"Sudah bikin film dirty vote kok tetep kalah.,,,mas anies mas anies",2024-03-13T00:08:12Z
@bajang1897,Menanti ucapan selamat dan sukses dari 2 pak guru yang ngasi nilai 5 dan 11 kepada sang murid.,2024-03-13T00:00:11Z
@jenigia,"Pemilih indo itu SDM rendah mreka gk tau memilih president yg terbaik,prabowo ketuaan,pelanggar HAM ,gk berpengalaman ,TNI aja di pecat,masa jd presiden ,hukum indo di buat utk rakyat miskin,gk berlaku utk elit2 sprti jokowi &amp; prabowo seenaknya sndri",2024-03-12T23:55:18Z
@MamaKe-w3l,Tumben chenel ini tak stress.mungkin si brewok sudah dapat jatah ğŸ˜‚ğŸ˜‚ğŸ˜‚ğŸ˜‚,2024-03-12T23:36:14Z
@ahmadjaid6684,Yah unggul 02 pasti minta di ulang lagi nih sampai 01 menangğŸ˜‚ğŸ¤­,2024-03-12T23:10:40Z
@Jika_dahlah,Alhamdulillah mantapp âœŒï¸ğŸ‘ğŸ‘ğŸ‘ŒğŸ‡®ğŸ‡© lantik ğŸ˜ğŸ˜,2024-03-12T23:04:46Z
@romiyounanda8706,PraGib memang pilihan rakyat... yg lain nyungsep blm layak jd pemimpin,2024-03-12T23:00:08Z
@ibnuanshari2614,Benaran bakal di buat jadi pelayan rakyat Indonesia. Indonesia tidak boleh punya pemimpin yg adil n benar ucap prabowoğŸ˜¢,2024-03-12T22:58:53Z
@giaprahara849,Mau menang 100% pun klo cara curang gk ada guna.. harusnya  pemilu contoh dlm dunia sepak bola diitalia. Pengaturan skor melibatkan pihak panitia yg menguntungkan salah satu club. Sanksi tegas utk pelanggar.degladasi dan mencabut gelar juara,2024-03-12T22:57:38Z
@SutarYono-gk6zm,Refly Harun cs suruh melek tuh matanya ğŸ˜…ğŸ˜…ğŸ˜… ..,2024-03-12T22:56:33Z
@arsyilaalthafunisa3697,ALHAMDULILSH ALLAHU AKBAR SMOGA PRAGIB 02 TERPILIH JD PRESIDEN RI 2024 SATU PUTARAN AAMIINNYAA ROBBAL&#39;ALAMIINâ¤â¤â¤â¤â¤â¤â¤â¤â¤,2024-03-12T22:54:06Z
@samsulenjoy5673,Kalimantan Tengah 02 losss,2024-03-12T22:23:44Z
@samsulenjoy5673,02 wayae muncull,2024-03-12T22:22:43Z
@IsmailkandiNKRI,"Indo Boddi menyatakan bahwa Prabowo Subianto ke Jaya Pura Pulau Papua Tahun 2003 dan SBY ke Kalimantan island tahun 2009,hingga saat ini iya belum juga kembali pulangâ¤ğŸ˜‚",2024-03-12T22:19:27Z
@budihp8024,"Wah kok hasilnya beda, <br>Kemarin2 01 juara 2, sekarang kok 03 ?<br>Apa gk ada yg minta diulang lagi pesertanya khusus 02 &amp; 03 untuk memperebutkan juara 2 yg sesungguhnya ğŸ˜‚",2024-03-12T22:08:26Z
@massutris9158,Curang,2024-03-12T22:07:23Z
@hanaapi1226,"Paslon 03 unggul di semua alam semesta... pasti menang 03... lagian 02 cuma unggul di semua tps ğŸ‰ ... pasti kalah lah..03 gak ada tandingannya..alam semesta nih bos bacok donkğŸ˜…... perhitungan di alam semesta sementara 03 unggul 99,99% ..",2024-03-12T22:00:58Z
@bageurboedak2022,"Nanti ditambah lagi dari Provinsi Jawa Barat.<br>Masih mau bilang curang, penggelembungan dll ???",2024-03-12T21:43:33Z
@habibpicolo2093,01dan 03 menangislah di gorong gorong,2024-03-12T21:35:56Z
@galangthelastisover9326,Kasian 01 cuma dapet 17%ğŸ˜Š,2024-03-12T21:31:00Z
@sallimna4626,Pendukung 01 gigit jariğŸ˜‚ğŸ˜‚ğŸ˜‚ğŸ˜‚,2024-03-12T21:27:35Z
@FERDINAWI,Baru ini berita nya metro jujur..dasar metro tv  metro TV,2024-03-12T21:27:03Z
@alicarli1977,menang tapi sebagai pecundang di awali dengan kecurangan,2024-03-12T21:24:41Z
@ekysulistio3137,Yah kita ud merasakan kok pilih 01 yg menang 02 dan semua pd nsik siap menjerit 5 thn kedepann,2024-03-12T21:24:01Z
@gilangafik9468,Wkwk thanks metro ğŸ˜‚,2024-03-12T21:18:33Z
@RozaqAr,Menang telaaaak,2024-03-12T21:16:18Z
@agussurjanto2422,Wis terang padhang jingglang.,2024-03-12T21:12:21Z
@Pertamax93,Menang di semua TPS klo gak sampai 20 provinsi auto 2 putaran. ğŸ˜…ğŸ˜… Sesuai UUD,2024-03-12T21:09:44Z
@ojigauge,"Bahasanya BUKAN Unggul sementara, <br>tapi TAMPAK nya akan TETAP Unggul dalam Pilpres 2024.",2024-03-12T21:09:32Z
@HusenDi-h9x,Bengkulu Prabowo,2024-03-12T21:07:47Z
@Pablo-uc6qg,"Wkwk ğŸ˜‚ tv nya sendiri aja begitu, tunduk ama yg sudah mengatur urusan negara ini ğŸ˜…",2024-03-12T21:04:46Z
@GanDos-pr4ek,Di pur jawa timur aja unggulğŸ˜‚ğŸ˜‚,2024-03-12T21:02:14Z
@arifbillah4479,"Bilang aja unggul,, nga usah sementara metro&quot;",2024-03-12T21:01:53Z
@denbagus-ek8mr,"terima kasih jawa timur 16 juta lebih....dan  terima kasih semua rakyat indonesia untuk memilih PAK PRABOWO DAN PAK GIBRAN.  <a href=""http://www.youtube.com/results?search_query=%23anisjangandikasihpanggung"">#AnisJanganDiKasihPanggung</a>",2024-03-12T20:54:47Z
@audizamzam2921,Tinggal tunggu waktu hancur nya bangsa Indonesial,2024-03-12T20:48:53Z
@rianrahmadani5626,Sudah pasti menang..mau di komporin kyk gmn..klo udah pilihan rakyat banyak.tetap menang,2024-03-12T20:47:22Z
@widyandriyanto1044,"Di kandang anis sndri kalah<br>Di kandang ganjar sndri kalah telak, apa mau di ulang lg?<br>Cari&#39;&#39; alasan mua lengserkan dinasti, mahasiswa gk brmutu malu&#39;&#39; in bangsa dan yg pilih rakyat seindonesia dasar dodol garut! Rakyat cerdas milih karena sdh pintar mencerna wkt debat, kalian mahasiswa&#39;&#39; gk paham&#39;&#39; saat debat apa yg kalian lihat?apa yg cerna? Maka nya mata kuliah itu di pelajari gk asal masuk kampus buat nongkrong&#39;&#39; buat gaya&#39;&#39; NGERTI",2024-03-12T20:45:47Z
@yukiarelia,Total persentase paslon 01 n 03 kok ada yg aneh ya.... ğŸ˜‚ğŸ˜‚ğŸ˜‚...,2024-03-12T20:44:44Z
@Blafa-i1w,ğŸ‰,2024-03-12T20:40:23Z
@BigSmile-lq2dr,"Yah oke lah semoga bisa menurunkan hargaÂ² sembako terutama beras,dan bisa menurunkan pajakÂ² yg di buat terlalu tinggi,pak prabowo semoga jg bisa memberikan kesejahteraan u/rakyat Indonesia dan bisa menyelesaikan setiap permasalahan bangsa yg sdh terlalu melenceng jauh dari hukumÂ² yg ada..",2024-03-12T20:32:37Z
@icangkaezar4953,ğŸ˜‚ğŸ˜‚ğŸ˜‚ğŸ˜‚ğŸ˜‚ğŸ˜‚ğŸ‘,2024-03-12T20:25:12Z
@Ms-jg8ud,Kok anies dibali hanya 99.000.gimana mau menang hahah,2024-03-12T20:23:41Z
@kevin-cl8ug,Jatim tetap Prabowo unggul telak,2024-03-12T20:23:41Z
@daanbruigom2913,Apakah Prabowo/Gibran terbaik untuk kesejahteraan rakyat ?,2024-03-12T20:17:47Z
@pinokio4743,02 banyak suara Silimun dari Komisi penipu Ulung (KPU ),2024-03-12T20:16:32Z
@Tokotanibangbryu,Baru SADAR ya METRO TV,2024-03-12T20:13:20Z
@indonesiamalaysiaserumpun9197,Lapor jendral<br>tugas kami sebagai pendukung mu telah selesai<br>tinggal kami melihat kau di lantik jadi presiden Republik indonesia tahun 2024-2029<br>jangan kau sia-sia kan kami pendukung mu jendral<br>kami titip kan negeri ini<br>kepada mu jendral<br>kami percaya padamu untuk kesejahteraan negeri ini<br>pegang teguh amanat rakyat baik-baik pak jendral.,2024-03-12T19:46:43Z
@langgengsaptono3912,"Semua saksi dari pasangan Capres sudah menyetujui hasil rekapitulasi, kalo masih ada yg ngotot utk menggugat ke MK atau menjalankan hak angket berarti sama saja tidak percaya pada saksinya sendiri ğŸ˜‚",2024-03-12T19:10:18Z
@HeriMas-w1r,Kita nikmati nasib masing masing,2024-03-12T19:08:05Z
@KokoDayatchan,Abahh menang disemua tpu,2024-03-12T19:07:45Z
@lutfiyahhanim4666,Sy pendukung 01. Dan ikhlas 02 menang. Ini memang sudah ujian qt punya presiden bocil FFğŸ˜…,2024-03-12T18:56:50Z
@reyver1077,Jatim hadir,2024-03-12T18:54:49Z
@philipslampard9335,"kalo udah menang di provinsi jawa timur ,jawa tengah , DKI ,jawa barat, sumut,sumsel,lampung dan banten sudah dipastikan pemilu 1 putaran mutlak prabowo gibran presiden",2024-03-12T18:40:04Z
@junaarjuna9206,Cilegon Banten 02,2024-03-12T18:23:01Z
@msoleh9298,Inalillahi wa ina ilaihi rojiun,2024-03-12T18:19:13Z
@petanizelenial8698,"Mewakili Wong Deso  JawaTimur 16 , 7 jta lebih...... Lontong kemana lontong ğŸ˜‚ğŸ˜‚ğŸ˜‚ğŸ˜‚ğŸ˜‚ğŸ˜‚",2024-03-12T18:13:30Z
@menataplangit8821,Hasil gak akan berubah jauh.<br>Udaj pasti dia yang menang,2024-03-12T18:11:03Z
@Nickzfr,"02 hadir , tidak percuma beli pucer mahal , Prabowo Gibran 02 MANTAP , ğŸ‘ğŸ‘ğŸ‘ğŸ‘ğŸ‘ğŸ‘",2024-03-12T18:09:19Z
@petualang5858,"Saya 2 kali terpilih presiden,saat nya untuk prabowo jadi presiden,itu kata p.jokowi,kata2 sakti,,susah emangg lawan dia,siapa melawan bkn di libas tapi di rangkul,ilmu nya tinggi,dia diam otak kerja,dia bicara,semua patuh,,mungkin sudah nasib negri inii ada dalam kuasa p.jokowi,,saya pernh baca tabloid jaman sma yg mengatakan akan ada sosok joko pinginit ntah iya ntah tidak.mari kita terima nasib mudahan negri ini akan baik2 saja.",2024-03-12T18:07:22Z
@globaltv4828,Masih menunggu 01 dengar berita menang di alam bawah sandarnya tuk menggerakkan kerusuhan ğŸ˜‚,2024-03-12T18:05:54Z
@maminetcimpago2651,Kren 02 oke,2024-03-12T18:01:09Z
@Kapuas_official.01,Curang dari mana lagi. Oknum yg membuat kegaduhan.,2024-03-12T17:52:42Z
@Sainych,Okeee gasss okeee gasss.. Pajak naik okee gaaass..,2024-03-12T17:47:02Z
@UsmanSetiawan-j6i,Hoak,2024-03-12T17:42:56Z
@koplaksarap4216,ğŸ‰ğŸ‰ğŸ‰ âœŒï¸,2024-03-12T17:42:32Z
@salamvlien8382,"Enak aja lu bilang sementara, suara Prabowo Gibran akan unggul sampai pak Prabowo di Lantik jadi presiden.",2024-03-12T17:33:59Z
@alfukaramah2362,Akhirnya metro tv adil juga ğŸ˜ŠğŸ’š,2024-03-12T17:29:13Z
@46US.009,"01 dan 03 tidur gak nyaman, Pendukungnya pada Stress ğŸ˜…ğŸ˜…ğŸ˜…ğŸ˜…",2024-03-12T17:28:25Z
@ridwanansorii1872,SELAMAT KEPADA PRESIDEN KE - 8 INDONESIA BAPAK PRABOWO SUBIANTO &amp; GIBRAN RAKABUMING SEMOGA MEMBAWA KEBAIKAN BAGI BANGSA INDONESIA &amp; AMANAH MEMEGANG TANGGUNG JAWAB DARI RAKYATğŸ¤²ğŸ»ğŸ¥° UDAH MENANG 50% LEBIH MAU BERHARAP APALAGI SEBAR FITNAH CURANG JUGA GA NGARUHâœŒğŸ»ğŸ”¥,2024-03-12T17:27:06Z
@Thom_Hayee,"Cie kubu 01&amp;03 ketar ketir gimana cara untuk memprofokasi rakyat supaya opini pemilu curang bisa memprofokasi rakyat &amp; rakyat mau demo besarÂ²an ke pemerintah, padahal di orgÂ² 01&amp;03 lagi ongkang-ongkang kaki dirumah &amp; mempolitisasi rakyat supaya mau turun kejalan berdemo seolahÂ² kubu 01&amp;03 ini org yg jujur benar sendiri ğŸ˜‚ğŸ˜‚",2024-03-12T17:26:32Z
@busraahmad4904,"Gak manuk akal, DKI 02 ngk mungkin menang ğŸ˜‚ğŸ˜‚ğŸ˜‚",2024-03-12T17:25:34Z
@wisnuprasetyo3319,Kok anis malah jadi 17%,2024-03-12T17:21:31Z
@joniahong853,Salam damai dari orang kecil âœŒï¸â™¥ï¸âœŒï¸ğŸ˜Š,2024-03-12T17:20:21Z
@divadiyaulhaq8791,Akhirnya mereka mengakuinyağŸ˜‚,2024-03-12T17:16:02Z
@daskaedits2233,"kalah tetap kalah saja cukkk, ora usah kakean pola.. selisii yo adohhh... piye kowe Anichhan...",2024-03-12T17:11:51Z
@GiriMaulana-h6k,Cirebon prabowo gibran unggul telak,2024-03-12T17:05:51Z
@gamersdadakan2904,Mas anis mas ganjar.<br>Sori yee mau dimanapun ttp 02 yg mnang.<br>Gk terima jadi presiden gunung hoako sama ronhingia aja tuh blm ada presidennya.,2024-03-12T17:04:41Z
@madyadayun1670,Prabowo Gibran 02,2024-03-12T17:03:37Z
@juwitasaskyana,AlhamdulillahğŸ¤²,2024-03-12T17:03:29Z
@bintangpasaman4739,02 semoga kalah,2024-03-12T16:58:59Z
@dedekristian1965,Yang kalah harus legowo .jgn haus kekuasaan.trima kenyataan,2024-03-12T16:50:34Z
@anoan2457,hasil akhir penghitungan no. 2 sd 56% unggul...,2024-03-12T16:48:50Z
@masfian7559,looo metro tv baru tahu ya hhhhhhh,2024-03-12T16:48:32Z
@Lovers471,"Anis baru dapat 2jt dari 11 provinsi, masih mending janggar udah terkumpul 7jt",2024-03-12T16:47:55Z
@Lovers471,Mantab punya presiden baru,2024-03-12T16:45:57Z
@NongkiNongki-e8y,02 tetep â¤ pragib ..,2024-03-12T16:45:46Z
@YachiruYT,ANAK ABAH KEJANG2 MELIHAT INI ğŸ˜‚,2024-03-12T16:44:12Z
@VictorumbuRiada,Jauh,2024-03-12T16:38:34Z
@upilajah,"Udah jls menang telak, jd unggul ga cuma sementara tp emang pemenangnya 02",2024-03-12T16:38:27Z
@aditriomotor,Hormat pak Jenderal Next Presidin 2024,2024-03-12T16:35:39Z
@Sam_One650,Hehe.. . Ini metro loh yg nyiarin beritanya<br>Masih kaga mau ngaku kalo si 01 dan 03 memang kalah telakğŸ˜‚,2024-03-12T16:35:10Z
@redpunk6480,Unggul sementara dr thn 2024 s/d 2029ğŸ˜‚ğŸ˜‚ğŸ˜‚...ok gazz min...,2024-03-12T16:31:30Z
@ardianpurba94,kalo benar menang ngapain takut dengan hak angket ğŸ˜‚,2024-03-12T16:30:16Z
@BUUK169,ini jelas tipu&quot; giliran ganjar ga percaya pemilih dia 17% sekarang di ganti sama KPU suara anis yang 17% sadar way mikir suara 01 dan 03 di rubah rubah tapi suara 02 tetep ga berubah,2024-03-12T16:21:42Z
@nilasaridewi3135,Jauh banget ini mah Jawa Tengah 12 jt cuk,2024-03-12T16:18:43Z
@SalminBahaswan,Tapi yg kalah <br>Sakit jiwa <br>Bersatu melawan <br>Yg menang <br>Dengan segala <br>Alasan <br>Yg sakit jiwa <br>Susah dapat obatnya <br>Selain bikin rusuh <br>Kekacauan <br>Di kalangan masyarakat<br>Allahu Akbar,2024-03-12T16:18:12Z
@limanchan-g5q,Prabowo tetap no 1stğŸ˜Š,2024-03-12T16:18:05Z
@dharmasatria9738,"Jauuuuh, apakah bisa berlaku curang di semua provinsi. Kalau bisa, gmn caranya hehehe",2024-03-12T16:17:40Z
@TirtaAdipura,Biasanya metro TV  habi2n  mati2n ngebelain annis. Dah mulai insaf kah metrotv ğŸ«¢,2024-03-12T16:17:24Z
@ekobram1619,Curang...kpu dan cacat hukum...  ..penipu seumur hidup,2024-03-12T16:16:16Z
@oyondtaldiansyah,ah nunggu oktober Jendral PRABOWO SUBIANTO DI LANTIK JADI PRESIDEN MANTAP TOP IS THE BESTâ¤â¤,2024-03-12T16:15:08Z
@Buliwyf_z,"Mau di akalin gimanapun hasil ny akan sama,krna 02 unggul hampir di tiap TPS",2024-03-12T16:14:39Z
@BUUK169,Metro tv udah mulai takut klo jadi oposisi si bewok paling lari ninggalin  pa anis,2024-03-12T16:12:51Z
@senokafa6889,"mampus anis , udah di tolong tidak tau terimakasih makan tuh omon omon ğŸ˜‚",2024-03-12T16:09:23Z
@wongndeso7335,"Menang satu putaran, suara rakyat Indonesia menentukan Prabowo Subianto presiden RI",2024-03-12T16:06:55Z
@ghofurur.rokhim17,Ini yg sering demo buka mata mu,2024-03-12T16:06:38Z
@HoTaru69,Curang nih,2024-03-12T16:02:04Z
@irwansyahwan3523,1.puteran 02 gas pull..di kampung ku 02 unggul,2024-03-12T16:01:22Z
@masboy1048,Ngeness mesakke anak Karno jualan nama Karno kalah ğŸ˜‚ğŸ˜‚dari subuh,2024-03-12T16:01:17Z
@Ibnu_Mustamar3,Udah... jangan ditunjukkan lagi... kasian pak jokowi di demo teruusss.... ğŸ˜‚ğŸ˜‚ğŸ˜‚ğŸ˜‚ âœŒï¸ğŸ˜†,2024-03-12T16:00:56Z
@jarumblora989,ğŸ˜‚,2024-03-12T16:00:46Z
@masboy1048,Anak karno mega hasto Rudy Masinton Adian Dedi situroks mlongoooooo jagoannya bobrokk ngakakkkk kalahhh,2024-03-12T16:00:30Z
@Ipeh2320,Bener ngk tuuh.... Cek dulu... Kecurangan mya jgn di tutup tutupi dooong,2024-03-12T16:00:20Z
@achmadasiri1174,Penipu,2024-03-12T15:59:09Z
@HeriPrasetyo-xr9qt,Tetap pak prabowo pemenengnya,2024-03-12T15:55:30Z
@muhammadsofyan1730,Suara 01 malah dibawah 03.wkwkwkw,2024-03-12T15:54:17Z
@Umbaran.,"ğŸ˜ŠğŸ˜ŠğŸ˜Š tetep prabowo alhamdulilah,",2024-03-12T15:53:49Z
@Brenslif,"Kalian mau nyoblos 01 sama 03. Ber ribu2 kali percuma.  Yang di jadikan presiden Adalah P prabowo..  Kalian nanti pasti tau semua.  01 03 sudah ada jabatanya masing2 Trimakasih,",2024-03-12T15:51:18Z
@Ø±Ø³Ù†Ø¯Ø±ÙŠØ§Ø¯Ø³ØªÙŠ,jauh bangett presentasinya....jika cinta negeri ini.yg kalah akan mengakuinya,2024-03-12T15:49:46Z
@thebabyalien9135,"suara saya masuk di 1.097.070 kalteng,,,,",2024-03-12T15:49:29Z
@satyalaksana8941,tumben berita bener...mau merapat yee pak bewok ğŸ˜‚,2024-03-12T15:47:18Z
@WandiWann-em6fu,PRABOWO DAPET NILAI JELEK<br>TAPI DARI CALON ITU TU.<br>TP NILAI DR RAKYAT WAOOO,2024-03-12T15:44:52Z
@WandiWann-em6fu,Prabowo pasti menang,2024-03-12T15:43:10Z
@counterchannel-ug2gi,kasihan anies dan pendukungnya. mudah2an jgn ada yg stress. pasangan amin tinggal bayar hutang dan selanjutnya akan lenyap dari peredaran,2024-03-12T15:43:03Z
@akbarsimanjuntak4217,"Bagi yang kalah segera lakukan lapang dada, karena Prabowo adalah pilihan masyarakat â¤â¤â¤",2024-03-12T15:41:12Z
@aldaffaramadhan,Daerah gua Prabowo menang telak gk ada curang curang. Nggak tau sih di luar wkwkwk,2024-03-12T15:40:59Z
@agusamin9542,Prabowo&amp;Gibran presiden terpilih...rakyat indonesia,2024-03-12T15:40:58Z
@MuhammadMustaqimallangkati,Ngapain di tayangkan lagi si rekap bermasalah,2024-03-12T15:40:47Z
@ferry650,"Di alam gaib pun menangğŸ˜…ğŸ˜…coba data sirekap di audit forensik maka hasil nya pasti ketauan,di audit aja takutğŸ˜…ğŸ¤£ğŸ¤£",2024-03-12T15:40:30Z
@CeritaOfficialChannel100,UDAH JELAS MENANG .. ANIS GANJAR AJA AMBISI JADI PRESIDEN KARNA KALAU GAK JADI PRESIDEN BINGUNG BUAT BAYAR ATAU NYICIL HUTANG BEKAS KAMPANYE APLAGI ANIS NUMPUK HUTANG NYA ...JADI GUBERNUR UDAH ENGGA<br><br>ANIS KALAH NYALONIN PRESIDEN ISU NYA MAU NYALONI JDI GUBERNUR LAGI .. GAK MALU  ... BIAR GAK MALU NYALONI JADI PAK LURAH AJA .. SESUAI DENGAN PEDUKUNG  NYA YANG SUKA NGATAIN JOKOWI PAK LURAH .. WKWLWLKW MUNGKIN KARNA PEDUKUNG NYA BGTU PAK ANIS KENA KARMA NYA,2024-03-13T00:53:34Z
@laskarMartapura794,"Intinya, kalau merasa tdk bersalah ngapain takut dg hak angket,, bukankah dg adanya hak angket itu lebih bagus untuk membuktikan bahwa pihaknya tdk melakukan pelanggaran...",2024-03-12T15:39:11Z
@aguswidodo5546,"Udah lah.... kalo ngaku jujur semua, yg gak jujur berani disumpah ala anak2 jaman dulu? Kalo yg gak jujur berani disumpah plg kantor ketabrak tronton!?",2024-03-12T15:37:55Z
@SumiAti-o2b,sudalah  klu sudah kala legowo aja jgn blg Paslon 2 curang,2024-03-12T15:36:54Z
@hendriksugilar8836,Sukabumi Prabowo gibran,2024-03-12T15:36:41Z
@NdlepusOneChanel,â¤â¤â¤â¤â¤â¤â¤â¤â¤â¤â¤â¤â¤â¤ prabowo is the best,2024-03-12T15:35:46Z
@ismailfachrudin5516,1 putaran 02 di GasâœŒï¸â¤ï¸,2024-03-12T15:35:08Z
@martonoghanol3879,"Tumben ni metro, agak beda beritanya, biasanya berita kecurangan terus..ğŸ¤­",2024-03-12T15:32:55Z
@marthasapan7012,Prabowo Gibran Menang SATU PUTARAN God bless Prabowo Gibran,2024-03-12T15:32:47Z
@RudiPutra-t3j,Di kandang sendiri saja kalah pada kalah.,2024-03-12T15:32:19Z
@rudipermana9405,Pasti menang pak prabowo.. dikampungku juga hampir prabowo semuağŸ˜‚,2024-03-12T15:31:28Z
@tujuhtujuh7168,Anies koq jd 17,2024-03-12T15:28:28Z
@firmanyahya653,Ga genah.,2024-03-12T15:28:16Z
@darksniper298,"Sudah pasti 02 menang,.... tidak perlu ragu karena masyarakat sudah cerdas memilih yg pasti",2024-03-12T15:28:04Z
@Aayyaattt,Gak percaya KPU,2024-03-12T15:27:55Z
@samen_wadung,INI BUKTI KECURANGAN HANYA DI BUAT BUAT KUBU 01 03...,2024-03-12T15:26:54Z
@RizkiSyazali,G.mungki ...ğŸ˜‚,2024-03-12T15:23:29Z
@rianafghannew,"Kata Rocky Gerung.. Anies ga mungkin lebih dari 17â„…, selama masih ada settingan kecurangan..",2024-03-12T15:22:06Z
@dennyjacobus8879,gimana ga unggul cing suara paslon 1&amp;3 di tilep ğŸ˜‚ğŸ˜‚,2024-03-12T15:18:10Z
@feriliwa9519,Prabowo menang telak di semua tps,2024-03-12T15:18:02Z
@siscleanchannel4724,Unggul tapi curang...,2024-03-12T15:11:56Z
@tedy_ang,"settingan skor 26-58-17 gagal total<a href=""UCkszU2WH9gy1mb0dV-11UJg/xsIfY4OqCd2T29sP54iAsAw""></a>",2024-03-12T15:10:27Z
@KimoyParadise-vm6nr,Gak menyesal sayabmengglkan bapak Prabowo dr semenjak dia kalah kmren.setelah memutus kan bergabung dengan pak Wiwi aku kiciwa Sam pak wowo,2024-03-12T15:09:29Z
@SupraptoPrapto-l2s,Tetep Prabowo presiden ku,2024-03-12T15:06:07Z
@TelukBae,kakek wowo manusia ter ambisi sepanjang sejarah di Indonesia untuk jadi orang no1,2024-03-12T15:04:17Z
